{
  "version": "0.3.5",
  "timestamp": "2026-04-23 13:41:50Z",
  "latency_mode": "generation",
  "latency_ms": 63.838299999285184,
  "model": "Qwen/Qwen3.6-35B-A3B",
  "prefix_caching_enabled": false,
  "max_concurrency": 1,
  "benchmarks": [
    {
      "concurrency": 1,
      "context_size": 0,
      "prompt_size": 2048,
      "response_size": 32,
      "is_context_prefill_phase": false,
      "pp_throughput": {
        "mean": 2779.9182838483453,
        "std": 116.3319542350931,
        "values": [
          2943.5341372723356,
          2683.208184627341,
          2713.0125296453607
        ]
      },
      "pp_req_throughput": {
        "mean": 2779.9182838483453,
        "std": 116.3319542350931,
        "values": [
          2943.5341372723356,
          2683.208184627341,
          2713.0125296453607
        ]
      },
      "tg_throughput": {
        "mean": 133.15289270062377,
        "std": 0.6931199706000173,
        "values": [
          132.1808301926918,
          133.74821165276097,
          133.52963625641863
        ]
      },
      "tg_req_throughput": {
        "mean": 133.15289270062377,
        "std": 0.6931199706000173,
        "values": [
          132.1808301926918,
          133.74821165276097,
          133.52963625641863
        ]
      },
      "peak_throughput": {
        "mean": 137.5586995654687,
        "std": 0.7297550472152268,
        "values": [
          136.53106145612543,
          138.15488111508307,
          137.9901561251976
        ]
      },
      "peak_req_throughput": {
        "mean": 137.5586995654687,
        "std": 0.7297550472152268,
        "values": [
          136.53106145612543,
          138.15488111508307,
          137.9901561251976
        ]
      },
      "ttfr": {
        "mean": 802.1679999947082,
        "std": 30.055262826659266,
        "values": [
          759.9402999912854,
          827.4763999943389,
          819.0872999985004
        ]
      },
      "est_ppt": {
        "mean": 738.3296999954231,
        "std": 30.055262826659266,
        "values": [
          696.1019999920003,
          763.6380999950537,
          755.2489999992152
        ]
      },
      "e2e_ttft": {
        "mean": 802.2059999978713,
        "std": 30.05403263609495,
        "values": [
          759.9807999940822,
          827.5187999970512,
          819.1184000024805
        ]
      },
      "throughput_over_time": null,
      "requests_throughput_over_time": null
    },
    {
      "concurrency": 1,
      "context_size": 2048,
      "prompt_size": 2048,
      "response_size": 32,
      "is_context_prefill_phase": false,
      "pp_throughput": {
        "mean": 2850.4033038664493,
        "std": 24.372701262343575,
        "values": [
          2884.79764448458,
          2835.159297738439,
          2831.252969376328
        ]
      },
      "pp_req_throughput": {
        "mean": 2850.4033038664493,
        "std": 24.372701262343575,
        "values": [
          2884.79764448458,
          2835.159297738439,
          2831.252969376328
        ]
      },
      "tg_throughput": {
        "mean": 130.28570332580514,
        "std": 0.3215597770465105,
        "values": [
          130.6558163331362,
          129.87181652109848,
          130.3294771231808
        ]
      },
      "tg_req_throughput": {
        "mean": 130.28570332580514,
        "std": 0.3215597770465105,
        "values": [
          130.6558163331362,
          129.87181652109848,
          130.3294771231808
        ]
      },
      "peak_throughput": {
        "mean": 134.71015390037914,
        "std": 0.2918676264262786,
        "values": [
          135.10124571794802,
          134.40030374973742,
          134.62891223345198
        ]
      },
      "peak_req_throughput": {
        "mean": 134.71015390037914,
        "std": 0.2918676264262786,
        "values": [
          135.10124571794802,
          134.40030374973742,
          134.62891223345198
        ]
      },
      "ttfr": {
        "mean": 1501.1656666708102,
        "std": 12.146166858864955,
        "values": [
          1484.0419000101974,
          1508.554300002288,
          1510.9007999999449
        ]
      },
      "est_ppt": {
        "mean": 1437.327366671525,
        "std": 12.146166858864955,
        "values": [
          1420.2036000109122,
          1444.7160000030028,
          1447.0625000006596
        ]
      },
      "e2e_ttft": {
        "mean": 1501.1991000016376,
        "std": 12.143424396880924,
        "values": [
          1484.0789000008954,
          1508.5895000083838,
          1510.9288999956334
        ]
      },
      "throughput_over_time": null,
      "requests_throughput_over_time": null
    },
    {
      "concurrency": 1,
      "context_size": 4096,
      "prompt_size": 2048,
      "response_size": 32,
      "is_context_prefill_phase": false,
      "pp_throughput": {
        "mean": 2859.048153361438,
        "std": 13.921738184845394,
        "values": [
          2871.514515264243,
          2839.6178304159407,
          2866.012114404129
        ]
      },
      "pp_req_throughput": {
        "mean": 2859.048153361438,
        "std": 13.921738184845394,
        "values": [
          2871.514515264243,
          2839.6178304159407,
          2866.012114404129
        ]
      },
      "tg_throughput": {
        "mean": 126.54864988608875,
        "std": 0.2067415731459329,
        "values": [
          126.73354109153472,
          126.26005498127209,
          126.65235358545944
        ]
      },
      "tg_req_throughput": {
        "mean": 126.54864988608875,
        "std": 0.2067415731459329,
        "values": [
          126.73354109153472,
          126.26005498127209,
          126.65235358545944
        ]
      },
      "peak_throughput": {
        "mean": 130.8008503871894,
        "std": 0.21673912192335124,
        "values": [
          130.96220798931355,
          130.49448028448785,
          130.94586288776676
        ]
      },
      "peak_req_throughput": {
        "mean": 130.8008503871894,
        "std": 0.21673912192335124,
        "values": [
          130.96220798931355,
          130.49448028448785,
          130.94586288776676
        ]
      },
      "ttfr": {
        "mean": 2213.089833331954,
        "std": 10.557591684289987,
        "values": [
          2203.82399999653,
          2227.8618999989703,
          2207.583600000362
        ]
      },
      "est_ppt": {
        "mean": 2149.2515333326687,
        "std": 10.557591684289987,
        "values": [
          2139.985699997245,
          2164.0235999996853,
          2143.745300001077
        ]
      },
      "e2e_ttft": {
        "mean": 2213.1213333292785,
        "std": 10.555926733559295,
        "values": [
          2203.858199995011,
          2227.891299990006,
          2207.614500002819
        ]
      },
      "throughput_over_time": null,
      "requests_throughput_over_time": null
    }
  ]
}