{
  "version": "0.3.8.dev2+g34f6189cf",
  "timestamp": "2026-05-04 13:02:15Z",
  "latency_mode": "generation",
  "latency_ms": 87.61253335978836,
  "model": "QuantTrio/Qwen3.6-35B-A3B-AWQ",
  "prefix_caching_enabled": false,
  "max_concurrency": 4,
  "benchmarks": [
    {
      "concurrency": 1,
      "context_size": 0,
      "prompt_size": 2048,
      "response_size": 128,
      "is_context_prefill_phase": false,
      "pp_throughput": {
        "mean": 21908.406273780754,
        "std": 140.5786163207312,
        "values": [
          21713.208948928397,
          22038.670274531218,
          21973.33959788264
        ]
      },
      "pp_req_throughput": {
        "mean": 21908.406273780754,
        "std": 140.5786163207312,
        "values": [
          21713.208948928397,
          22038.670274531218,
          21973.33959788264
        ]
      },
      "tg_throughput": {
        "mean": 154.67260117629334,
        "std": 0.021077556936925174,
        "values": [
          154.66242671677563,
          154.70195268823375,
          154.65342412387065
        ]
      },
      "tg_req_throughput": {
        "mean": 154.67260117629334,
        "std": 0.021077556936925174,
        "values": [
          154.66242671677563,
          154.70195268823375,
          154.65342412387065
        ]
      },
      "peak_throughput": {
        "mean": 155.9019197787847,
        "std": 0.021764597837728394,
        "values": [
          155.89083450504143,
          155.93232974579217,
          155.8825950855205
        ]
      },
      "peak_req_throughput": {
        "mean": 155.9019197787847,
        "std": 0.021764597837728394,
        "values": [
          155.89083450504143,
          155.93232974579217,
          155.8825950855205
        ]
      },
      "ttfr": {
        "mean": 181.11166664554426,
        "std": 0.5954438972403502,
        "values": [
          181.93299998529255,
          180.54009997285903,
          180.86189997848123
        ]
      },
      "est_ppt": {
        "mean": 93.49913328575592,
        "std": 0.5954438972403502,
        "values": [
          94.3204666255042,
          92.92756661307067,
          93.24936661869287
        ]
      },
      "e2e_ttft": {
        "mean": 181.11166664554426,
        "std": 0.5954438972403502,
        "values": [
          181.93299998529255,
          180.54009997285903,
          180.86189997848123
        ]
      },
      "throughput_over_time": null,
      "requests_throughput_over_time": null
    },
    {
      "concurrency": 2,
      "context_size": 0,
      "prompt_size": 2048,
      "response_size": 128,
      "is_context_prefill_phase": false,
      "pp_throughput": {
        "mean": 11616.121419341072,
        "std": 115.73780280371567,
        "values": [
          11692.762045539841,
          11703.050933820983,
          11452.551278662393
        ]
      },
      "pp_req_throughput": {
        "mean": 14184.387846098036,
        "std": 6515.9739431635335,
        "values": [
          21621.629236512923,
          7802.82005769963,
          7804.151475587313,
          21433.712074815106,
          7582.944233970652,
          18861.069998002593
        ]
      },
      "tg_throughput": {
        "mean": 231.43392082591143,
        "std": 0.6769601717313598,
        "values": [
          230.95267797272473,
          230.95780199386266,
          232.3912825111469
        ]
      },
      "tg_req_throughput": {
        "mean": 126.5347285118952,
        "std": 9.709736778389788,
        "values": [
          116.7803098467745,
          136.29768272257417,
          136.12018877443694,
          116.83753005267339,
          136.31484307493284,
          116.85781659997924
        ]
      },
      "peak_throughput": {
        "mean": 254.33333333333334,
        "std": 0.4714045207910317,
        "values": [
          254.0,
          254.0,
          255.0
        ]
      },
      "peak_req_throughput": {
        "mean": 131.8288226177862,
        "std": 5.505958450358706,
        "values": [
          126.0,
          137.37779279278752,
          137.1973244767244,
          126.0,
          137.3978184372052,
          127.0
        ]
      },
      "ttfr": {
        "mean": 269.9983833202471,
        "std": 82.89605492695456,
        "values": [
          182.3325000004843,
          350.2099000615999,
          350.16509995330125,
          183.20959992706776,
          357.8242000658065,
          196.2489999132231
        ]
      },
      "est_ppt": {
        "mean": 182.38584996045878,
        "std": 82.89605492695456,
        "values": [
          94.71996664069593,
          262.59736670181155,
          262.5525665935129,
          95.5970665672794,
          270.21166670601815,
          108.63646655343473
        ]
      },
      "e2e_ttft": {
        "mean": 269.9983833202471,
        "std": 82.89605492695456,
        "values": [
          182.3325000004843,
          350.2099000615999,
          350.16509995330125,
          183.20959992706776,
          357.8242000658065,
          196.2489999132231
        ]
      },
      "throughput_over_time": null,
      "requests_throughput_over_time": null
    },
    {
      "concurrency": 4,
      "context_size": 0,
      "prompt_size": 2048,
      "response_size": 128,
      "is_context_prefill_phase": false,
      "pp_throughput": {
        "mean": 12561.301013553531,
        "std": 114.8263099009131,
        "values": [
          12477.670873800675,
          12723.66533461751,
          12482.56683224241
        ]
      },
      "pp_req_throughput": {
        "mean": 6843.644696076866,
        "std": 4462.293396365832,
        "values": [
          8103.283311166076,
          3602.4044382461416,
          8706.542354803702,
          3728.189906824104,
          5196.763482951474,
          8799.857987257214,
          3682.4643410651875,
          5198.310913090744,
          7818.212311383207,
          3686.5532134598493,
          19997.449504812266,
          3603.704587862429
        ]
      },
      "tg_throughput": {
        "mean": 362.37081703970824,
        "std": 17.186084323740484,
        "values": [
          371.7769482008675,
          377.0761456226956,
          338.2593572955617
        ]
      },
      "tg_req_throughput": {
        "mean": 107.91398668214828,
        "std": 13.644640167951284,
        "values": [
          95.1402010781366,
          122.94797887540886,
          94.471793333755,
          121.60242118110595,
          107.92577120545359,
          95.09532745392464,
          124.0691758910621,
          107.88520199204741,
          95.54719237246123,
          121.84130026267717,
          85.81746166181,
          122.62401487793655
        ]
      },
      "peak_throughput": {
        "mean": 494.6666666666667,
        "std": 3.7712361663282534,
        "values": [
          492.0,
          500.0,
          492.0
        ]
      },
      "peak_req_throughput": {
        "mean": 123.66666666666667,
        "std": 0.9428090415820632,
        "values": [
          123.0,
          123.0,
          123.0,
          123.0,
          125.0,
          125.0,
          125.0,
          125.0,
          123.0,
          123.0,
          123.0,
          123.0
        ]
      },
      "ttfr": {
        "mean": 477.05415000867407,
        "std": 161.00085660405384,
        "values": [
          340.4730000765994,
          656.6768999909982,
          322.9528000811115,
          637.2090000659227,
          481.89639998599887,
          320.4572000540793,
          644.0333999926224,
          481.97139997500926,
          349.56500004045665,
          643.1449999799952,
          190.07559993769974,
          656.1940999235958
        ]
      },
      "est_ppt": {
        "mean": 389.4416166488857,
        "std": 161.00085660405384,