{
  "version": "0.3.8.dev2+g34f6189cf",
  "timestamp": "2026-05-04 12:58:49Z",
  "latency_mode": "generation",
  "latency_ms": 98.95939996931702,
  "model": "QuantTrio/Qwen3.6-35B-A3B-AWQ",
  "prefix_caching_enabled": false,
  "max_concurrency": 1,
  "benchmarks": [
    {
      "concurrency": 1,
      "context_size": 0,
      "prompt_size": 2048,
      "response_size": 32,
      "is_context_prefill_phase": false,
      "pp_throughput": {
        "mean": 10586.682953843925,
        "std": 10057.480309973262,
        "values": [
          3157.265083971213,
          3797.479386081021,
          24805.304391479538
        ]
      },
      "pp_req_throughput": {
        "mean": 10586.682953843925,
        "std": 10057.480309973262,
        "values": [
          3157.265083971213,
          3797.479386081021,
          24805.304391479538
        ]
      },
      "tg_throughput": {
        "mean": 155.1157124297558,
        "std": 0.1657798595512392,
        "values": [
          155.30276272712987,
          155.14459472544388,
          154.89977983669365
        ]
      },
      "tg_req_throughput": {
        "mean": 155.1157124297558,
        "std": 0.1657798595512392,
        "values": [
          155.30276272712987,
          155.14459472544388,
          154.89977983669365
        ]
      },
      "peak_throughput": {
        "mean": 160.16647326218657,
        "std": 0.16366164223074042,
        "values": [
          160.36153507077967,
          160.17683521135024,
          159.9610495044298
        ]
      },
      "peak_req_throughput": {
        "mean": 160.16647326218657,
        "std": 0.16366164223074042,
        "values": [
          160.36153507077967,
          160.17683521135024,
          159.9610495044298
        ]
      },
      "ttfr": {
        "mean": 522.5886666448787,
        "std": 245.26332174354746,
        "values": [
          747.9388000210747,
          638.264499953948,
          181.56269995961338
        ]
      },
      "est_ppt": {
        "mean": 423.62926667556167,
        "std": 245.26332174354746,
        "values": [
          648.9794000517577,
          539.3050999846309,
          82.60329999029636
        ]
      },
      "e2e_ttft": {
        "mean": 522.5886666448787,
        "std": 245.26332174354746,
        "values": [
          747.9388000210747,
          638.264499953948,
          181.56269995961338
        ]
      },
      "throughput_over_time": null,
      "requests_throughput_over_time": null
    },
    {
      "concurrency": 1,
      "context_size": 2048,
      "prompt_size": 2048,
      "response_size": 32,
      "is_context_prefill_phase": false,
      "pp_throughput": {
        "mean": 14514.522979914365,
        "std": 1702.2692733761705,
        "values": [
          12107.542873770191,
          15755.644071911547,
          15680.381994061363
        ]
      },
      "pp_req_throughput": {
        "mean": 14514.522979914365,
        "std": 1702.2692733761705,
        "values": [
          12107.542873770191,
          15755.644071911547,
          15680.381994061363
        ]
      },
      "tg_throughput": {
        "mean": 158.4205328863524,
        "std": 2.713757639417781,
        "values": [
          160.5570397172863,
          160.1132982519293,
          154.59126068984153
        ]
      },
      "tg_req_throughput": {
        "mean": 158.4205328863524,
        "std": 2.713757639417781,
        "values": [
          160.5570397172863,
          160.1132982519293,
          154.59126068984153
        ]
      },
      "peak_throughput": {
        "mean": 163.59366234362435,
        "std": 2.8110197053744286,
        "values": [
          165.80826353418627,
          165.34545318638385,
          159.62727031030292
        ]
      },
      "peak_req_throughput": {
        "mean": 163.59366234362435,
        "std": 2.8110197053744286,
        "values": [
          165.80826353418627,
          165.34545318638385,
          159.62727031030292
        ]
      },
      "ttfr": {
        "mean": 385.52600001761067,
        "std": 36.64404838992377,
        "values": [
          437.3435000889003,
          358.9932000031695,
          360.24129996076226
        ]
      },
      "est_ppt": {
        "mean": 286.56660004829365,
        "std": 36.64404838992377,
        "values": [
          338.3841001195833,
          260.03380003385246,
          261.28189999144524
        ]
      },
      "e2e_ttft": {
        "mean": 385.52600001761067,
        "std": 36.64404838992377,
        "values": [
          437.3435000889003,
          358.9932000031695,
          360.24129996076226
        ]
      },
      "throughput_over_time": null,
      "requests_throughput_over_time": null
    },
    {
      "concurrency": 1,
      "context_size": 4096,
      "prompt_size": 2048,
      "response_size": 32,
      "is_context_prefill_phase": false,
      "pp_throughput": {
        "mean": 14074.729998189088,
        "std": 30.42019179808981,
        "values": [
          14111.854528602817,
          14037.341978423137,
          14074.993487541313
        ]
      },
      "pp_req_throughput": {
        "mean": 14074.729998189088,
        "std": 30.42019179808981,
        "values": [
          14111.854528602817,
          14037.341978423137,
          14074.993487541313
        ]
      },
      "tg_throughput": {
        "mean": 159.3798325309136,
        "std": 0.20671075040534123,
        "values": [
          159.1513843429782,
          159.65202045166288,
          159.3360927980997
        ]
      },
      "tg_req_throughput": {
        "mean": 159.3798325309136,
        "std": 0.20671075040534123,
        "values": [
          159.1513843429782,
          159.65202045166288,
          159.3360927980997
        ]
      },
      "peak_throughput": {
        "mean": 164.60213340743238,
        "std": 0.21358902731117402,
        "values": [
          164.3814224411097,
          164.89108175408575,
          164.53389602710172
        ]
      },
      "peak_req_throughput": {
        "mean": 164.60213340743238,
        "std": 0.21358902731117402,
        "values": [
          164.3814224411097,
          164.89108175408575,
          164.53389602710172
        ]
      },
      "ttfr": {
        "mean": 535.5357667043185,
        "std": 0.9146078618309703,
        "values": [
          534.4089000718668,
          536.6491000168025,
          535.5493000242859
        ]
      },
      "est_ppt": {
        "mean": 436.5763667350014,
        "std": 0.9146078618309703,
        "values": [
          435.4495001025498,
          437.68970004748553,
          436.5899000549689
        ]
      },
      "e2e_ttft": {
        "mean": 535.5357667043185,
        "std": 0.9146078618309703,
        "values": [
          534.4089000718668,
          536.6491000168025,
          535.5493000242859
        ]
      },
      "throughput_over_time": null,
      "requests_throughput_over_time": null
    }
  ]
}