{
  "version": "0.3.5",
  "timestamp": "2026-04-23 13:44:21Z",
  "latency_mode": "generation",
  "latency_ms": 76.89163333270699,
  "model": "Qwen/Qwen3.6-35B-A3B",
  "prefix_caching_enabled": true,
  "max_concurrency": 1,
  "benchmarks": [
    {
      "concurrency": 1,
      "context_size": 0,
      "prompt_size": 2048,
      "response_size": 32,
      "is_context_prefill_phase": false,
      "pp_throughput": {
        "mean": 2831.7941482756964,
        "std": 121.82600731420948,
        "values": [
          3003.9805307396764,
          2740.57734916851,
          2750.8245649189034
        ]
      },
      "pp_req_throughput": {
        "mean": 2831.7941482756964,
        "std": 121.82600731420948,
        "values": [
          3003.9805307396764,
          2740.57734916851,
          2750.8245649189034
        ]
      },
      "tg_throughput": {
        "mean": 132.79719424901876,
        "std": 0.560236013325518,
        "values": [
          132.01061535785337,
          133.10822299973427,
          133.27274438946873
        ]
      },
      "tg_req_throughput": {
        "mean": 132.79719424901876,
        "std": 0.560236013325518,
        "values": [
          132.01061535785337,
          133.10822299973427,
          133.27274438946873
        ]
      },
      "peak_throughput": {
        "mean": 137.20159859157602,
        "std": 0.5994456588177812,
        "values": [
          136.35478492723163,
          137.5906163233973,
          137.65939452409913
        ]
      },
      "peak_req_throughput": {
        "mean": 137.20159859157602,
        "std": 0.5994456588177812,
        "values": [
          136.35478492723163,
          137.5906163233973,
          137.65939452409913
        ]
      },
      "ttfr": {
        "mean": 801.8850000031913,
        "std": 30.36099654480751,
        "values": [
          758.9866000053007,
          824.9092000041855,
          821.7592000000877
        ]
      },
      "est_ppt": {
        "mean": 724.9933666704843,
        "std": 30.36099654480751,
        "values": [
          682.0949666725937,
          748.0175666714786,
          744.8675666673807
        ]
      },
      "e2e_ttft": {
        "mean": 801.9180666694107,
        "std": 30.357445823921307,
        "values": [
          759.0247000043746,
          824.9399000051199,
          821.7895999987377
        ]
      },
      "throughput_over_time": null,
      "requests_throughput_over_time": null
    },
    {
      "concurrency": 1,
      "context_size": 2048,
      "prompt_size": 2048,
      "response_size": 32,
      "is_context_prefill_phase": true,
      "pp_throughput": {
        "mean": 2638.296524921532,
        "std": 64.71943064518038,
        "values": [
          2728.743682118101,
          2580.932482129122,
          2605.213410517373
        ]
      },
      "pp_req_throughput": {
        "mean": 2638.296524921532,
        "std": 64.71943064518038,
        "values": [
          2728.743682118101,
          2580.932482129122,
          2605.213410517373
        ]
      },
      "tg_throughput": {
        "mean": 133.07677177668856,
        "std": 0.19325374836998552,
        "values": [
          132.81378864360087,
          133.14383958463262,
          133.27268710183213
        ]
      },
      "tg_req_throughput": {
        "mean": 133.07677177668856,
        "std": 0.19325374836998552,
        "values": [
          132.81378864360087,
          133.14383958463262,
          133.27268710183213
        ]
      },
      "peak_throughput": {
        "mean": 137.44933124570255,
        "std": 0.18797999341377813,
        "values": [
          137.20150098659104,
          137.4899406798509,
          137.6565520706657
        ]
      },
      "peak_req_throughput": {
        "mean": 137.44933124570255,
        "std": 0.18797999341377813,
        "values": [
          137.20150098659104,
          137.4899406798509,
          137.6565520706657
        ]
      },
      "ttfr": {
        "mean": 853.8744666633041,
        "std": 19.22972208586781,
        "values": [
          827.0537000062177,
          871.1781999882078,
          863.3914999954868
        ]
      },
      "est_ppt": {
        "mean": 776.9828333305971,
        "std": 19.22972208586781,
        "values": [
          750.1620666735107,
          794.2865666555008,
          786.4998666627798
        ]
      },
      "e2e_ttft": {
        "mean": 853.9076000015484,
        "std": 19.2287577611371,
        "values": [
          827.0881000062218,
          871.2100999982795,
          863.424600000144
        ]
      },
      "throughput_over_time": null,
      "requests_throughput_over_time": null
    },
    {
      "concurrency": 1,
      "context_size": 2048,
      "prompt_size": 2048,
      "response_size": 32,
      "is_context_prefill_phase": false,
      "pp_throughput": {
        "mean": 2372.802712478937,
        "std": 21.170680179270445,
        "values": [
          2388.9890932652006,
          2342.8967424220164,
          2386.522301749593
        ]
      },
      "pp_req_throughput": {
        "mean": 2372.802712478937,
        "std": 21.170680179270445,
        "values": [
          2388.9890932652006,
          2342.8967424220164,
          2386.522301749593
        ]
      },
      "tg_throughput": {
        "mean": 129.42191802207728,
        "std": 0.455381022891763,
        "values": [
          128.79214982339607,
          129.85342898780078,
          129.62017525503498
        ]
      },
      "tg_req_throughput": {
        "mean": 129.42191802207728,
        "std": 0.455381022891763,
        "values": [
          128.79214982339607,
          129.85342898780078,
          129.62017525503498
        ]
      },
      "peak_throughput": {
        "mean": 133.72278580916011,
        "std": 0.46281594999542963,
        "values": [
          133.07583159625912,
          134.13220237198834,
          133.96032345923288
        ]
      },
      "peak_req_throughput": {
        "mean": 133.72278580916011,
        "std": 0.46281594999542963,
        "values": [
          133.07583159625912,
          134.13220237198834,
          133.96032345923288
        ]
      },
      "ttfr": {
        "mean": 940.0751000018014,
        "std": 7.749923162067987,
        "values": [
          934.1580000036629,
          951.0232000029646,
          935.0440999987768
        ]
      },
      "est_ppt": {
        "mean": 863.1834666690944,
        "std": 7.749923162067987,
        "values": [
          857.2663666709559,
          874.1315666702576,
          858.1524666660698
        ]
      },
      "e2e_ttft": {
        "mean": 940.1074333339542,
        "std": 7.748603820257438,
        "values": [
          934.1936999990139,
          951.0538000031374,
          935.0747999997111
        ]
      },
      "throughput_over_time": null,
      "requests_throughput_over_time": null
    },
    {
      "concurrency": 1,
      "context_size": 4096,
      "prompt_size": 2048,
      "response_size": 32,
      "is_context_prefill_phase": true,
      "pp_throughput": {
        "mean": 2732.7387143354936,
        "std": 54.66872270739977,
        "values": [
          2787.564328765481,
          2752.534146501656,
          2658.117667739343
        ]
      },
      "pp_req_throughput": {
        "mean": 2732.7387143354936,
        "std": 54.66872270739977,
        "values": [
          2787.564328765481,
          2752.534146501656,
          2658.117667739343
        ]
      },
      "tg_throughput": {
        "mean": 129.99838003117955,
        "std": 0.19247326796509298,
        "values": [
          130.13055452704955,
          130.13836647225625,
          129.7262190942329
        ]
      },
      "tg_req_throughput": {
        "mean": 129.99838003117955,
        "std": 0.19247326796509298,
        "values": [
          130.13055452704955,
          130.13836647225625,
          129.7262190942329
        ]
      },